customer_id,customer_unique_id,customer_zip_code_prefix,customer_city,customer_state
cust_877572,u_5506,98080,sao paulo,RJ
cust_832052,u_7924,13156,sao paulo,MG
cust_407419,u_6925,38930,sao paulo,PR
cust_270555,u_7065,10358,sao paulo,MG
cust_520651,u_5386,86909,sao paulo,SP
cust_549245,u_7543,07175,sao paulo,MG
cust_503457,u_7252,90166,sao paulo,PR
cust_632323,u_4258,79504,sao paulo,RJ
cust_955662,u_2133,22643,sao paulo,PR
cust_573417,u_2982,73603,sao paulo,RJ
cust_132938,u_6413,29080,sao paulo,SP
cust_806073,u_2612,25931,sao paulo,SP
cust_274389,u_7658,50672,sao paulo,RS
cust_830429,u_8973,97434,sao paulo,RJ
cust_523389,u_2964,11745,sao paulo,PR
cust_888387,u_2188,28938,sao paulo,SP
cust_956795,u_5905,21374,sao paulo,SP
cust_146228,u_1058,93493,sao paulo,MG
cust_143860,u_6050,88416,sao paulo,MG
cust_348237,u_3662,88806,sao paulo,RJ
cust_302511,u_7528,67768,sao paulo,MG
cust_462479,u_6139,25914,sao paulo,RS
cust_795612,u_3041,53743,sao paulo,MG
cust_437902,u_8618,87356,sao paulo,RS
cust_805477,u_6085,63277,sao paulo,RJ
cust_684482,u_5082,74259,sao paulo,SP
cust_757193,u_4919,36614,sao paulo,MG
cust_446954,u_9890,77556,sao paulo,RS
cust_330080,u_5471,90016,sao paulo,RS
cust_584125,u_3977,43840,sao paulo,SP
cust_781725,u_2124,20973,sao paulo,SP
cust_904150,u_7043,76849,sao paulo,RJ
cust_179688,u_4978,75177,sao paulo,SP
cust_457806,u_1207,61258,sao paulo,RS
cust_355709,u_8613,43600,sao paulo,PR
cust_835244,u_5526,95381,sao paulo,PR
cust_825391,u_4986,70588,sao paulo,MG
cust_430876,u_2958,37241,sao paulo,PR
cust_831295,u_3068,63746,sao paulo,RS
cust_950544,u_5978,79135,sao paulo,SP
cust_377501,u_2330,01350,sao paulo,RJ
cust_926097,u_4241,35816,sao paulo,RS
cust_402630,u_8195,66597,sao paulo,SP
cust_900177,u_3870,58132,sao paulo,RS
cust_192337,u_6153,87200,sao paulo,MG
cust_760626,u_4920,13217,sao paulo,RJ
cust_633590,u_5479,19958,sao paulo,RS
cust_960408,u_1042,65178,sao paulo,MG
cust_577463,u_6272,54841,sao paulo,RJ
cust_930884,u_3492,14154,sao paulo,RS
cust_184216,u_6383,05705,sao paulo,PR
cust_407618,u_6873,75177,sao paulo,MG
cust_673149,u_3588,56615,sao paulo,SP
cust_693419,u_1803,47179,sao paulo,PR
cust_757937,u_1645,12813,sao paulo,MG
cust_945664,u_5835,89647,sao paulo,MG
cust_345180,u_8724,85889,sao paulo,SP
cust_147549,u_1609,18781,sao paulo,MG
cust_974190,u_9017,59115,sao paulo,PR
cust_794963,u_4475,75000,sao paulo,PR
cust_444519,u_3417,33853,sao paulo,PR
cust_717457,u_6304,69955,sao paulo,SP
cust_628313,u_4629,05082,sao paulo,PR
cust_177060,u_2323,82830,sao paulo,MG
cust_550961,u_8398,96631,sao paulo,RJ
cust_170394,u_2494,73924,sao paulo,SP
cust_797660,u_7929,67507,sao paulo,SP
cust_485415,u_2882,81422,sao paulo,MG
cust_876962,u_1502,60460,sao paulo,SP
cust_564637,u_7947,99951,sao paulo,RS
cust_403507,u_6375,17932,sao paulo,SP
cust_428267,u_8033,03733,sao paulo,PR
cust_182467,u_7484,11011,sao paulo,MG
cust_618119,u_8601,84269,sao paulo,PR
cust_159653,u_7041,51394,sao paulo,MG
cust_164879,u_8381,06130,sao paulo,SP
cust_396635,u_7347,09639,sao paulo,RS
cust_466813,u_6082,85343,sao paulo,RS
cust_458332,u_8967,14256,sao paulo,RJ
cust_145814,u_7731,99617,sao paulo,MG
cust_940181,u_3267,94244,sao paulo,MG
cust_347231,u_7326,94677,sao paulo,SP
cust_653408,u_7934,32252,sao paulo,SP
cust_405420,u_8032,25551,sao paulo,SP
cust_474440,u_2106,06811,sao paulo,MG
cust_138780,u_5807,68552,sao paulo,RJ
cust_938171,u_7029,66038,sao paulo,RS
cust_852524,u_7981,96265,sao paulo,RJ
cust_989894,u_8179,48467,sao paulo,SP
cust_517368,u_6150,68861,sao paulo,MG
cust_242321,u_2213,88535,sao paulo,RS
cust_348235,u_9094,73305,sao paulo,SP
cust_651231,u_7730,10720,sao paulo,RS
cust_971776,u_3034,93973,sao paulo,PR
cust_305837,u_5496,66873,sao paulo,RJ
cust_321048,u_7825,38967,sao paulo,PR
cust_869864,u_6658,42827,sao paulo,RS
cust_404309,u_7293,95519,sao paulo,PR
cust_579441,u_4944,65866,sao paulo,RJ
cust_402620,u_2204,90181,sao paulo,RS
cust_644559,u_8487,42750,sao paulo,RJ
cust_631958,u_9351,49281,sao paulo,PR
cust_856442,u_1841,50832,sao paulo,PR
cust_562462,u_6139,66774,sao paulo,RS
cust_471496,u_5331,40124,sao paulo,PR
cust_465746,u_5480,52712,sao paulo,MG
cust_384303,u_5450,88796,sao paulo,RJ
cust_309144,u_5706,31437,sao paulo,MG
cust_772464,u_9901,26272,sao paulo,PR
cust_114768,u_6523,54148,sao paulo,MG
cust_346961,u_8319,35282,sao paulo,MG
cust_240057,u_8834,71453,sao paulo,RJ
cust_662728,u_3455,27922,sao paulo,RJ
cust_956113,u_1049,92800,sao paulo,RJ
cust_401036,u_7698,50479,sao paulo,RJ
cust_863214,u_4648,56591,sao paulo,SP
cust_170559,u_2653,33077,sao paulo,PR
cust_250219,u_9540,78550,sao paulo,RJ
cust_352673,u_4692,55090,sao paulo,MG
cust_859782,u_4120,06183,sao paulo,SP
