order_id,customer_id,order_status,order_purchase_timestamp,order_approved_at,order_delivered_carrier_date,order_delivered_customer_date,order_estimated_delivery_date
ord_00_13278,cust_877572,delivered,2018-01-01 11:22:00,2018-01-01 23:22:00,2018-01-02 11:22:00,2018-01-04 11:22:00,2018-01-16 11:22:00
ord_00_30926,cust_832052,delivered,2018-01-01 11:39:00,2018-01-01 15:39:00,2018-01-02 11:39:00,2018-01-08 11:39:00,2018-01-07 11:39:00
ord_00_82357,cust_407419,delivered,2018-01-01 10:11:00,2018-01-01 11:11:00,2018-01-02 10:11:00,2018-01-13 10:11:00,2018-01-09 10:11:00
ord_00_57819,cust_270555,delivered,2018-01-01 13:33:00,2018-01-02 01:33:00,2018-01-02 13:33:00,2018-01-13 13:33:00,2018-01-16 13:33:00
ord_00_51347,cust_520651,delivered,2018-01-01 18:40:00,2018-01-02 06:40:00,2018-01-02 18:40:00,2018-01-08 18:40:00,2018-01-09 18:40:00
ord_00_86622,cust_549245,delivered,2018-01-01 11:21:00,2018-01-01 20:21:00,2018-01-02 11:21:00,2018-01-10 11:21:00,2018-01-07 11:21:00
ord_00_18326,cust_503457,shipped,2018-01-01 18:01:00,2018-01-01 23:01:00,2018-01-02 18:01:00,,2018-01-06 18:01:00
ord_01_93748,cust_632323,delivered,2018-01-02 11:45:00,2018-01-02 20:45:00,2018-01-03 11:45:00,2018-01-12 11:45:00,2018-01-07 11:45:00
ord_01_73699,cust_955662,delivered,2018-01-02 11:11:00,2018-01-02 22:11:00,2018-01-03 11:11:00,2018-01-11 11:11:00,2018-01-15 11:11:00
ord_01_77839,cust_573417,delivered,2018-01-02 10:05:00,2018-01-02 16:05:00,2018-01-03 10:05:00,2018-01-04 10:05:00,2018-01-16 10:05:00
ord_01_18834,cust_132938,invoiced,2018-01-02 13:03:00,2018-01-02 18:03:00,2018-01-03 13:03:00,,2018-01-14 13:03:00
ord_01_17100,cust_806073,shipped,2018-01-02 14:47:00,2018-01-02 16:47:00,2018-01-03 14:47:00,,2018-01-10 14:47:00
ord_01_40982,cust_274389,shipped,2018-01-02 12:38:00,2018-01-02 19:38:00,2018-01-03 12:38:00,,2018-01-09 12:38:00
ord_01_65444,cust_830429,delivered,2018-01-02 14:03:00,2018-01-02 18:03:00,2018-01-03 14:03:00,2018-01-04 14:03:00,2018-01-16 14:03:00
ord_01_40828,cust_523389,delivered,2018-01-02 18:52:00,2018-01-03 04:52:00,2018-01-03 18:52:00,2018-01-04 18:52:00,2018-01-16 18:52:00
ord_01_51441,cust_888387,shipped,2018-01-02 18:36:00,2018-01-02 20:36:00,2018-01-03 18:36:00,,2018-01-15 18:36:00
ord_01_97538,cust_956795,delivered,2018-01-02 13:30:00,2018-01-02 15:30:00,2018-01-03 13:30:00,2018-01-05 13:30:00,2018-01-15 13:30:00
ord_02_46265,cust_146228,delivered,2018-01-03 13:28:00,2018-01-03 16:28:00,2018-01-04 13:28:00,2018-01-12 13:28:00,2018-01-16 13:28:00
ord_02_26704,cust_143860,delivered,2018-01-03 15:06:00,2018-01-03 19:06:00,2018-01-04 15:06:00,2018-01-15 15:06:00,2018-01-11 15:06:00
ord_02_30257,cust_348237,shipped,2018-01-03 09:25:00,2018-01-03 12:25:00,2018-01-04 09:25:00,,2018-01-14 09:25:00
ord_02_96511,cust_302511,delivered,2018-01-03 10:11:00,2018-01-03 15:11:00,2018-01-04 10:11:00,2018-01-10 10:11:00,2018-01-18 10:11:00
ord_02_66959,cust_462479,invoiced,2018-01-03 17:43:00,2018-01-03 19:43:00,2018-01-04 17:43:00,,2018-01-17 17:43:00
ord_02_51145,cust_795612,invoiced,2018-01-03 14:16:00,2018-01-04 01:16:00,2018-01-04 14:16:00,,2018-01-13 14:16:00
ord_02_95813,cust_437902,shipped,2018-01-03 12:38:00,2018-01-03 21:38:00,2018-01-04 12:38:00,,2018-01-10 12:38:00
ord_02_40784,cust_805477,delivered,2018-01-03 11:30:00,2018-01-03 12:30:00,2018-01-04 11:30:00,2018-01-05 11:30:00,2018-01-11 11:30:00
ord_02_16582,cust_684482,shipped,2018-01-03 11:16:00,2018-01-03 19:16:00,2018-01-04 11:16:00,,2018-01-16 11:16:00
ord_02_73517,cust_757193,shipped,2018-01-03 10:19:00,2018-01-03 22:19:00,2018-01-04 10:19:00,,2018-01-11 10:19:00
ord_02_63424,cust_446954,shipped,2018-01-03 10:03:00,2018-01-03 14:03:00,2018-01-04 10:03:00,,2018-01-14 10:03:00
ord_02_73993,cust_330080,shipped,2018-01-03 09:29:00,2018-01-03 16:29:00,2018-01-04 09:29:00,,2018-01-18 09:29:00
ord_03_27786,cust_584125,delivered,2018-01-04 15:28:00,2018-01-04 21:28:00,2018-01-05 15:28:00,2018-01-09 15:28:00,2018-01-16 15:28:00
ord_03_39389,cust_781725,delivered,2018-01-04 13:13:00,2018-01-04 17:13:00,2018-01-05 13:13:00,2018-01-06 13:13:00,2018-01-18 13:13:00
ord_03_43586,cust_904150,invoiced,2018-01-04 10:57:00,2018-01-04 13:57:00,2018-01-05 10:57:00,,2018-01-10 10:57:00
ord_03_35995,cust_179688,canceled,2018-01-04 14:08:00,2018-01-05 01:08:00,2018-01-05 14:08:00,,2018-01-10 14:08:00
ord_03_94874,cust_457806,shipped,2018-01-04 10:48:00,2018-01-04 17:48:00,2018-01-05 10:48:00,,2018-01-19 10:48:00
ord_03_69087,cust_355709,invoiced,2018-01-04 15:28:00,2018-01-04 21:28:00,2018-01-05 15:28:00,,2018-01-16 15:28:00
ord_03_88139,cust_835244,delivered,2018-01-04 17:49:00,2018-01-04 21:49:00,2018-01-05 17:49:00,2018-01-07 17:49:00,2018-01-12 17:49:00
ord_03_63005,cust_825391,canceled,2018-01-04 18:55:00,2018-01-05 00:55:00,2018-01-05 18:55:00,,2018-01-17 18:55:00
ord_03_35242,cust_430876,canceled,2018-01-04 12:09:00,2018-01-04 16:09:00,2018-01-05 12:09:00,,2018-01-16 12:09:00
ord_03_48290,cust_831295,delivered,2018-01-04 09:12:00,2018-01-04 19:12:00,2018-01-05 09:12:00,2018-01-10 09:12:00,2018-01-16 09:12:00
ord_03_29555,cust_950544,delivered,2018-01-04 11:01:00,2018-01-04 20:01:00,2018-01-05 11:01:00,2018-01-12 11:01:00,2018-01-18 11:01:00
ord_03_37659,cust_377501,delivered,2018-01-04 11:57:00,2018-01-04 20:57:00,2018-01-05 11:57:00,2018-01-07 11:57:00,2018-01-11 11:57:00
ord_04_44675,cust_926097,delivered,2018-01-05 18:17:00,2018-01-05 22:17:00,2018-01-06 18:17:00,2018-01-17 18:17:00,2018-01-12 18:17:00
ord_04_84607,cust_402630,shipped,2018-01-05 14:11:00,2018-01-06 02:11:00,2018-01-06 14:11:00,,2018-01-14 14:11:00
ord_04_15273,cust_900177,invoiced,2018-01-05 16:32:00,2018-01-05 21:32:00,2018-01-06 16:32:00,,2018-01-19 16:32:00
ord_04_69614,cust_192337,delivered,2018-01-05 10:58:00,2018-01-05 17:58:00,2018-01-06 10:58:00,2018-01-15 10:58:00,2018-01-10 10:58:00
ord_04_13783,cust_760626,delivered,2018-01-05 18:24:00,2018-01-05 19:24:00,2018-01-06 18:24:00,2018-01-15 18:24:00,2018-01-16 18:24:00
ord_04_48254,cust_633590,shipped,2018-01-05 17:03:00,2018-01-05 21:03:00,2018-01-06 17:03:00,,2018-01-18 17:03:00
ord_04_45018,cust_960408,canceled,2018-01-05 14:05:00,2018-01-06 00:05:00,2018-01-06 14:05:00,,2018-01-20 14:05:00
ord_04_59441,cust_577463,canceled,2018-01-05 13:04:00,2018-01-05 23:04:00,2018-01-06 13:04:00,,2018-01-13 13:04:00
ord_04_96991,cust_930884,delivered,2018-01-05 11:09:00,2018-01-05 20:09:00,2018-01-06 11:09:00,2018-01-16 11:09:00,2018-01-15 11:09:00
ord_05_95175,cust_184216,shipped,2018-01-06 14:24:00,2018-01-07 01:24:00,2018-01-07 14:24:00,,2018-01-19 14:24:00
ord_05_17355,cust_407618,shipped,2018-01-06 11:29:00,2018-01-06 15:29:00,2018-01-07 11:29:00,,2018-01-17 11:29:00
ord_05_98815,cust_673149,shipped,2018-01-06 14:53:00,2018-01-07 00:53:00,2018-01-07 14:53:00,,2018-01-21 14:53:00
ord_05_11061,cust_693419,canceled,2018-01-06 17:28:00,2018-01-06 22:28:00,2018-01-07 17:28:00,,2018-01-20 17:28:00
ord_05_22735,cust_757937,shipped,2018-01-06 09:34:00,2018-01-06 19:34:00,2018-01-07 09:34:00,,2018-01-13 09:34:00
ord_05_73156,cust_945664,delivered,2018-01-06 16:59:00,2018-01-06 18:59:00,2018-01-07 16:59:00,2018-01-10 16:59:00,2018-01-14 16:59:00
ord_05_98452,cust_345180,invoiced,2018-01-06 18:34:00,2018-01-07 00:34:00,2018-01-07 18:34:00,,2018-01-14 18:34:00
ord_05_28320,cust_147549,shipped,2018-01-06 10:58:00,2018-01-06 12:58:00,2018-01-07 10:58:00,,2018-01-19 10:58:00
ord_05_22978,cust_974190,shipped,2018-01-06 13:46:00,2018-01-06 14:46:00,2018-01-07 13:46:00,,2018-01-14 13:46:00
ord_05_22015,cust_794963,delivered,2018-01-06 09:51:00,2018-01-06 15:51:00,2018-01-07 09:51:00,2018-01-11 09:51:00,2018-01-13 09:51:00
ord_05_40539,cust_444519,delivered,2018-01-06 13:43:00,2018-01-06 16:43:00,2018-01-07 13:43:00,2018-01-10 13:43:00,2018-01-19 13:43:00
ord_05_41186,cust_717457,delivered,2018-01-06 13:31:00,2018-01-06 14:31:00,2018-01-07 13:31:00,2018-01-10 13:31:00,2018-01-17 13:31:00
ord_06_69245,cust_628313,delivered,2018-01-07 17:53:00,2018-01-07 22:53:00,2018-01-08 17:53:00,2018-01-16 17:53:00,2018-01-22 17:53:00
ord_06_68138,cust_177060,invoiced,2018-01-07 11:31:00,2018-01-07 13:31:00,2018-01-08 11:31:00,,2018-01-16 11:31:00
ord_06_38183,cust_550961,shipped,2018-01-07 14:47:00,2018-01-07 22:47:00,2018-01-08 14:47:00,,2018-01-18 14:47:00
ord_06_72163,cust_170394,delivered,2018-01-07 16:22:00,2018-01-07 18:22:00,2018-01-08 16:22:00,2018-01-14 16:22:00,2018-01-14 16:22:00
ord_06_56346,cust_797660,delivered,2018-01-07 14:19:00,2018-01-07 20:19:00,2018-01-08 14:19:00,2018-01-10 14:19:00,2018-01-21 14:19:00
ord_06_82910,cust_485415,invoiced,2018-01-07 12:51:00,2018-01-07 19:51:00,2018-01-08 12:51:00,,2018-01-21 12:51:00
ord_06_28595,cust_876962,canceled,2018-01-07 18:03:00,2018-01-07 22:03:00,2018-01-08 18:03:00,,2018-01-18 18:03:00
ord_07_45665,cust_564637,invoiced,2018-01-08 16:32:00,2018-01-08 23:32:00,2018-01-09 16:32:00,,2018-01-16 16:32:00
ord_07_43491,cust_403507,delivered,2018-01-08 17:29:00,2018-01-09 05:29:00,2018-01-09 17:29:00,2018-01-16 17:29:00,2018-01-15 17:29:00
ord_07_20205,cust_428267,shipped,2018-01-08 16:07:00,2018-01-08 21:07:00,2018-01-09 16:07:00,,2018-01-19 16:07:00
ord_07_78676,cust_182467,canceled,2018-01-08 14:47:00,2018-01-08 18:47:00,2018-01-09 14:47:00,,2018-01-15 14:47:00
ord_07_92306,cust_618119,invoiced,2018-01-08 16:39:00,2018-01-09 03:39:00,2018-01-09 16:39:00,,2018-01-23 16:39:00
ord_07_14929,cust_159653,delivered,2018-01-08 10:32:00,2018-01-08 20:32:00,2018-01-09 10:32:00,2018-01-19 10:32:00,2018-01-21 10:32:00
ord_07_29773,cust_164879,delivered,2018-01-08 10:26:00,2018-01-08 19:26:00,2018-01-09 10:26:00,2018-01-20 10:26:00,2018-01-15 10:26:00
ord_08_58870,cust_396635,delivered,2018-01-09 09:53:00,2018-01-09 20:53:00,2018-01-10 09:53:00,2018-01-21 09:53:00,2018-01-19 09:53:00
ord_08_28537,cust_466813,delivered,2018-01-09 10:26:00,2018-01-09 15:26:00,2018-01-10 10:26:00,2018-01-19 10:26:00,2018-01-20 10:26:00
ord_08_38074,cust_458332,delivered,2018-01-09 11:20:00,2018-01-09 14:20:00,2018-01-10 11:20:00,2018-01-12 11:20:00,2018-01-18 11:20:00
ord_08_67366,cust_145814,canceled,2018-01-09 13:03:00,2018-01-09 21:03:00,2018-01-10 13:03:00,,2018-01-18 13:03:00
ord_08_36174,cust_940181,delivered,2018-01-09 17:12:00,2018-01-09 23:12:00,2018-01-10 17:12:00,2018-01-19 17:12:00,2018-01-15 17:12:00
ord_08_59015,cust_347231,delivered,2018-01-09 12:49:00,2018-01-09 13:49:00,2018-01-10 12:49:00,2018-01-16 12:49:00,2018-01-15 12:49:00
ord_08_89807,cust_653408,delivered,2018-01-09 13:03:00,2018-01-09 18:03:00,2018-01-10 13:03:00,2018-01-12 13:03:00,2018-01-14 13:03:00
ord_08_28818,cust_405420,invoiced,2018-01-09 15:01:00,2018-01-09 19:01:00,2018-01-10 15:01:00,,2018-01-20 15:01:00
ord_08_12128,cust_474440,delivered,2018-01-09 10:46:00,2018-01-09 20:46:00,2018-01-10 10:46:00,2018-01-16 10:46:00,2018-01-16 10:46:00
ord_08_69988,cust_138780,delivered,2018-01-09 12:24:00,2018-01-09 13:24:00,2018-01-10 12:24:00,2018-01-16 12:24:00,2018-01-18 12:24:00
ord_08_26315,cust_938171,shipped,2018-01-09 16:30:00,2018-01-09 23:30:00,2018-01-10 16:30:00,,2018-01-16 16:30:00
ord_09_88986,cust_852524,canceled,2018-01-10 16:34:00,2018-01-10 22:34:00,2018-01-11 16:34:00,,2018-01-15 16:34:00
ord_09_28714,cust_989894,delivered,2018-01-10 10:08:00,2018-01-10 14:08:00,2018-01-11 10:08:00,2018-01-22 10:08:00,2018-01-20 10:08:00
ord_09_58096,cust_517368,delivered,2018-01-10 10:56:00,2018-01-10 11:56:00,2018-01-11 10:56:00,2018-01-14 10:56:00,2018-01-22 10:56:00
ord_09_26074,cust_242321,delivered,2018-01-10 16:35:00,2018-01-10 18:35:00,2018-01-11 16:35:00,2018-01-22 16:35:00,2018-01-20 16:35:00
ord_09_28202,cust_348235,delivered,2018-01-10 18:27:00,2018-01-11 04:27:00,2018-01-11 18:27:00,2018-01-17 18:27:00,2018-01-22 18:27:00
ord_09_72739,cust_651231,invoiced,2018-01-10 10:15:00,2018-01-10 13:15:00,2018-01-11 10:15:00,,2018-01-25 10:15:00
ord_09_17263,cust_971776,delivered,2018-01-10 14:11:00,2018-01-10 17:11:00,2018-01-11 14:11:00,2018-01-14 14:11:00,2018-01-20 14:11:00
ord_09_42847,cust_305837,canceled,2018-01-10 14:10:00,2018-01-11 00:10:00,2018-01-11 14:10:00,,2018-01-16 14:10:00
ord_09_95344,cust_321048,canceled,2018-01-10 09:31:00,2018-01-10 17:31:00,2018-01-11 09:31:00,,2018-01-23 09:31:00
ord_09_51853,cust_869864,delivered,2018-01-10 15:19:00,2018-01-11 00:19:00,2018-01-11 15:19:00,2018-01-20 15:19:00,2018-01-16 15:19:00
ord_09_16632,cust_404309,shipped,2018-01-10 13:14:00,2018-01-10 16:14:00,2018-01-11 13:14:00,,2018-01-24 13:14:00
ord_09_76249,cust_579441,invoiced,2018-01-10 15:01:00,2018-01-10 16:01:00,2018-01-11 15:01:00,,2018-01-19 15:01:00
ord_09_82512,cust_402620,invoiced,2018-01-10 16:41:00,2018-01-11 01:41:00,2018-01-11 16:41:00,,2018-01-24 16:41:00
ord_10_72094,cust_644559,invoiced,2018-01-11 17:47:00,2018-01-11 20:47:00,2018-01-12 17:47:00,,2018-01-25 17:47:00
ord_10_54089,cust_631958,shipped,2018-01-11 18:36:00,2018-01-11 23:36:00,2018-01-12 18:36:00,,2018-01-16 18:36:00
ord_10_39824,cust_856442,shipped,2018-01-11 11:54:00,2018-01-11 20:54:00,2018-01-12 11:54:00,,2018-01-25 11:54:00
ord_10_12482,cust_562462,delivered,2018-01-11 16:02:00,2018-01-12 04:02:00,2018-01-12 16:02:00,2018-01-16 16:02:00,2018-01-22 16:02:00
ord_10_81601,cust_471496,shipped,2018-01-11 12:16:00,2018-01-11 16:16:00,2018-01-12 12:16:00,,2018-01-24 12:16:00
ord_10_72888,cust_465746,delivered,2018-01-11 18:47:00,2018-01-12 05:47:00,2018-01-12 18:47:00,2018-01-21 18:47:00,2018-01-22 18:47:00
ord_10_80592,cust_384303,delivered,2018-01-11 19:00:00,2018-01-11 23:00:00,2018-01-12 19:00:00,2018-01-16 19:00:00,2018-01-16 19:00:00
ord_10_95267,cust_309144,delivered,2018-01-11 10:00:00,2018-01-11 12:00:00,2018-01-12 10:00:00,2018-01-23 10:00:00,2018-01-25 10:00:00
ord_10_69552,cust_772464,shipped,2018-01-11 11:17:00,2018-01-11 20:17:00,2018-01-12 11:17:00,,2018-01-20 11:17:00
ord_10_34405,cust_114768,invoiced,2018-01-11 12:17:00,2018-01-11 15:17:00,2018-01-12 12:17:00,,2018-01-26 12:17:00
ord_10_60275,cust_346961,delivered,2018-01-11 14:09:00,2018-01-12 00:09:00,2018-01-12 14:09:00,2018-01-22 14:09:00,2018-01-16 14:09:00
ord_11_38721,cust_240057,shipped,2018-01-12 15:22:00,2018-01-12 22:22:00,2018-01-13 15:22:00,,2018-01-24 15:22:00
ord_11_85065,cust_662728,delivered,2018-01-12 17:52:00,2018-01-13 01:52:00,2018-01-13 17:52:00,2018-01-15 17:52:00,2018-01-27 17:52:00
ord_11_43352,cust_956113,invoiced,2018-01-12 10:14:00,2018-01-12 11:14:00,2018-01-13 10:14:00,,2018-01-22 10:14:00
ord_11_14159,cust_401036,delivered,2018-01-12 16:10:00,2018-01-12 22:10:00,2018-01-13 16:10:00,2018-01-20 16:10:00,2018-01-24 16:10:00
ord_11_26691,cust_863214,delivered,2018-01-12 14:05:00,2018-01-12 22:05:00,2018-01-13 14:05:00,2018-01-24 14:05:00,2018-01-25 14:05:00
ord_11_37011,cust_170559,delivered,2018-01-12 16:37:00,2018-01-13 02:37:00,2018-01-13 16:37:00,2018-01-24 16:37:00,2018-01-17 16:37:00
ord_11_49552,cust_250219,shipped,2018-01-12 14:07:00,2018-01-12 19:07:00,2018-01-13 14:07:00,,2018-01-25 14:07:00
ord_11_72065,cust_352673,canceled,2018-01-12 11:27:00,2018-01-12 19:27:00,2018-01-13 11:27:00,,2018-01-25 11:27:00
ord_11_80206,cust_859782,delivered,2018-01-12 15:26:00,2018-01-13 02:26:00,2018-01-13 15:26:00,2018-01-23 15:26:00,2018-01-26 15:26:00
