order_id,order_item_id,product_id,seller_id,shipping_limit_date,price,freight_value
ord_00_13278,1,prod_0002,sell_01,2018-01-02 11:22:00,132.25,8.70
ord_00_13278,2,prod_0004,sell_03,2018-01-03 11:22:00,59.96,8.58
ord_00_13278,3,prod_0009,sell_01,2018-01-04 11:22:00,295.07,17.88
ord_00_30926,1,prod_0002,sell_01,2018-01-04 11:39:00,126.24,15.57
ord_00_30926,2,prod_0008,sell_01,2018-01-05 11:39:00,352.44,29.41
ord_00_82357,1,prod_0004,sell_03,2018-01-05 10:11:00,64.29,16.36
ord_00_57819,1,prod_0003,sell_02,2018-01-05 13:33:00,40.17,13.39
ord_00_57819,2,prod_0005,sell_01,2018-01-06 13:33:00,219.47,22.08
ord_00_57819,3,prod_0006,sell_01,2018-01-03 13:33:00,267.04,25.07
ord_00_51347,1,prod_0007,sell_02,2018-01-03 18:40:00,161.43,22.14
ord_00_51347,2,prod_0003,sell_03,2018-01-04 18:40:00,37.88,20.35
ord_00_86622,1,prod_0003,sell_03,2018-01-05 11:21:00,40.92,25.43
ord_00_18326,1,prod_0002,sell_03,2018-01-04 18:01:00,134.62,19.81
ord_00_18326,2,prod_0006,sell_01,2018-01-05 18:01:00,230.49,17.56
ord_00_18326,3,prod_0005,sell_01,2018-01-06 18:01:00,218.77,24.76
ord_01_93748,1,prod_0008,sell_01,2018-01-05 11:45:00,316.27,28.44
ord_01_93748,2,prod_0001,sell_01,2018-01-03 11:45:00,85.24,20.48
ord_01_73699,1,prod_0009,sell_03,2018-01-04 11:11:00,322.24,17.31
ord_01_73699,2,prod_0004,sell_02,2018-01-05 11:11:00,62.45,16.78
ord_01_77839,1,prod_0010,sell_01,2018-01-03 10:05:00,75.43,9.56
ord_01_18834,1,prod_0003,sell_02,2018-01-07 13:03:00,41.68,27.41
ord_01_18834,2,prod_0004,sell_01,2018-01-04 13:03:00,63.31,25.76
ord_01_18834,3,prod_0002,sell_02,2018-01-06 13:03:00,134.03,15.79
ord_01_17100,1,prod_0008,sell_01,2018-01-06 14:47:00,324.72,12.04
ord_01_17100,2,prod_0002,sell_01,2018-01-07 14:47:00,128.42,26.95
ord_01_17100,3,prod_0001,sell_01,2018-01-03 14:47:00,92.64,19.89
ord_01_40982,1,prod_0007,sell_02,2018-01-06 12:38:00,142.86,25.25
ord_01_65444,1,prod_0001,sell_02,2018-01-07 14:03:00,94.36,9.26
ord_01_65444,2,prod_0009,sell_03,2018-01-03 14:03:00,325.05,19.68
ord_01_65444,3,prod_0002,sell_03,2018-01-03 14:03:00,139.03,9.51
ord_01_40828,1,prod_0010,sell_01,2018-01-05 18:52:00,80.94,14.96
ord_01_40828,2,prod_0006,sell_02,2018-01-05 18:52:00,236.84,16.71
ord_01_51441,1,prod_0005,sell_01,2018-01-03 18:36:00,185.21,15.68
ord_01_51441,2,prod_0006,sell_03,2018-01-07 18:36:00,239.15,17.64
ord_01_51441,3,prod_0005,sell_01,2018-01-07 18:36:00,204.36,29.72
ord_01_97538,1,prod_0005,sell_03,2018-01-04 13:30:00,204.09,23.79
ord_01_97538,2,prod_0005,sell_01,2018-01-03 13:30:00,200.12,13.52
ord_02_46265,1,prod_0009,sell_03,2018-01-05 13:28:00,270.49,9.66
ord_02_46265,2,prod_0001,sell_02,2018-01-05 13:28:00,95.92,20.82
ord_02_26704,1,prod_0006,sell_03,2018-01-07 15:06:00,263.90,27.45
ord_02_30257,1,prod_0004,sell_02,2018-01-04 09:25:00,57.11,25.32
ord_02_30257,2,prod_0001,sell_02,2018-01-07 09:25:00,96.35,12.89
ord_02_30257,3,prod_0005,sell_01,2018-01-05 09:25:00,212.72,27.17
ord_02_96511,1,prod_0009,sell_01,2018-01-06 10:11:00,289.77,8.61
ord_02_96511,2,prod_0010,sell_03,2018-01-04 10:11:00,87.29,13.84
ord_02_66959,1,prod_0001,sell_03,2018-01-08 17:43:00,93.65,8.04
ord_02_66959,2,prod_0004,sell_03,2018-01-06 17:43:00,58.27,9.54
ord_02_51145,1,prod_0005,sell_03,2018-01-07 14:16:00,202.08,12.22
ord_02_51145,2,prod_0003,sell_01,2018-01-08 14:16:00,40.82,14.62
ord_02_51145,3,prod_0005,sell_03,2018-01-08 14:16:00,191.38,17.46
ord_02_95813,1,prod_0005,sell_01,2018-01-06 12:38:00,200.52,21.92
ord_02_40784,1,prod_0002,sell_01,2018-01-08 11:30:00,128.74,27.50
ord_02_40784,2,prod_0007,sell_01,2018-01-04 11:30:00,149.73,13.37
ord_02_40784,3,prod_0007,sell_02,2018-01-08 11:30:00,141.47,25.69
ord_02_16582,1,prod_0006,sell_03,2018-01-08 11:16:00,272.39,27.61
ord_02_16582,2,prod_0009,sell_01,2018-01-07 11:16:00,295.51,27.95
ord_02_16582,3,prod_0008,sell_03,2018-01-06 11:16:00,346.41,24.54
ord_02_73517,1,prod_0006,sell_01,2018-01-05 10:19:00,269.54,9.77
ord_02_73517,2,prod_0007,sell_02,2018-01-04 10:19:00,155.71,23.54
ord_02_63424,1,prod_0001,sell_02,2018-01-07 10:03:00,96.31,24.84
ord_02_63424,2,prod_0001,sell_02,2018-01-07 10:03:00,97.86,14.57
ord_02_63424,3,prod_0009,sell_01,2018-01-08 10:03:00,314.75,20.01
ord_02_73993,1,prod_0003,sell_03,2018-01-08 09:29:00,42.62,28.23
ord_02_73993,2,prod_0001,sell_01,2018-01-04 09:29:00,97.22,21.02
ord_03_27786,1,prod_0007,sell_02,2018-01-08 15:28:00,143.25,28.93
ord_03_27786,2,prod_0002,sell_02,2018-01-05 15:28:00,129.13,24.48
ord_03_39389,1,prod_0003,sell_02,2018-01-06 13:13:00,39.69,10.52
ord_03_43586,1,prod_0005,sell_02,2018-01-08 10:57:00,202.93,27.98
ord_03_35995,1,prod_0006,sell_03,2018-01-05 14:08:00,251.54,22.55
ord_03_94874,1,prod_0003,sell_03,2018-01-07 10:48:00,39.39,24.14
ord_03_94874,2,prod_0009,sell_02,2018-01-09 10:48:00,316.37,18.23
ord_03_94874,3,prod_0006,sell_02,2018-01-05 10:48:00,267.48,26.28
ord_03_69087,1,prod_0008,sell_02,2018-01-07 15:28:00,329.75,25.55
ord_03_88139,1,prod_0008,sell_03,2018-01-08 17:49:00,353.76,13.29
ord_03_88139,2,prod_0008,sell_01,2018-01-07 17:49:00,346.27,8.38
ord_03_63005,1,prod_0007,sell_03,2018-01-07 18:55:00,164.79,20.11
ord_03_63005,2,prod_0008,sell_03,2018-01-05 18:55:00,333.87,13.53
ord_03_35242,1,prod_0010,sell_01,2018-01-07 12:09:00,87.52,19.54
ord_03_35242,2,prod_0004,sell_01,2018-01-07 12:09:00,57.46,15.94
ord_03_35242,3,prod_0009,sell_03,2018-01-05 12:09:00,277.50,9.00
ord_03_48290,1,prod_0006,sell_01,2018-01-08 09:12:00,234.12,9.13
ord_03_48290,2,prod_0002,sell_01,2018-01-05 09:12:00,127.32,9.63
ord_03_29555,1,prod_0004,sell_02,2018-01-08 11:01:00,63.20,16.37
ord_03_29555,2,prod_0010,sell_01,2018-01-09 11:01:00,87.73,14.72
ord_03_29555,3,prod_0010,sell_03,2018-01-06 11:01:00,87.25,10.18
ord_03_37659,1,prod_0008,sell_01,2018-01-05 11:57:00,363.15,18.34
ord_03_37659,2,prod_0005,sell_01,2018-01-08 11:57:00,208.17,23.47
ord_04_44675,1,prod_0002,sell_03,2018-01-10 18:17:00,118.46,25.44
ord_04_84607,1,prod_0008,sell_03,2018-01-09 14:11:00,345.54,21.16
ord_04_84607,2,prod_0006,sell_03,2018-01-07 14:11:00,255.08,8.57
ord_04_84607,3,prod_0010,sell_03,2018-01-08 14:11:00,81.29,8.46
ord_04_15273,1,prod_0008,sell_02,2018-01-09 16:32:00,382.72,18.34
ord_04_15273,2,prod_0006,sell_02,2018-01-08 16:32:00,258.40,26.87
ord_04_15273,3,prod_0008,sell_01,2018-01-10 16:32:00,335.08,28.79
ord_04_69614,1,prod_0008,sell_03,2018-01-08 10:58:00,343.83,12.13
ord_04_69614,2,prod_0008,sell_02,2018-01-07 10:58:00,358.68,24.72
ord_04_69614,3,prod_0009,sell_01,2018-01-09 10:58:00,277.77,14.34
ord_04_13783,1,prod_0002,sell_02,2018-01-07 18:24:00,128.90,10.58
ord_04_48254,1,prod_0004,sell_01,2018-01-07 17:03:00,64.95,19.18
ord_04_48254,2,prod_0005,sell_03,2018-01-08 17:03:00,210.80,26.80
ord_04_45018,1,prod_0008,sell_03,2018-01-10 14:05:00,352.60,15.59
ord_04_59441,1,prod_0006,sell_02,2018-01-09 13:04:00,262.13,23.52
ord_04_96991,1,prod_0002,sell_02,2018-01-07 11:09:00,130.57,18.05
ord_04_96991,2,prod_0003,sell_02,2018-01-08 11:09:00,36.51,25.19
ord_05_95175,1,prod_0002,sell_01,2018-01-09 14:24:00,123.01,23.06
ord_05_95175,2,prod_0002,sell_02,2018-01-07 14:24:00,128.18,10.17
ord_05_95175,3,prod_0003,sell_02,2018-01-07 14:24:00,41.45,27.88
ord_05_17355,1,prod_0003,sell_03,2018-01-10 11:29:00,37.27,9.74
ord_05_17355,2,prod_0004,sell_02,2018-01-08 11:29:00,59.87,20.83
ord_05_17355,3,prod_0005,sell_02,2018-01-10 11:29:00,198.28,22.67
ord_05_98815,1,prod_0005,sell_02,2018-01-10 14:53:00,198.17,14.65
ord_05_98815,2,prod_0002,sell_02,2018-01-11 14:53:00,123.07,20.58
ord_05_98815,3,prod_0005,sell_02,2018-01-10 14:53:00,180.79,26.26
ord_05_11061,1,prod_0004,sell_03,2018-01-08 17:28:00,61.35,22.91
ord_05_22735,1,prod_0006,sell_03,2018-01-08 09:34:00,262.27,11.86
ord_05_22735,2,prod_0006,sell_02,2018-01-08 09:34:00,251.44,28.10
ord_05_73156,1,prod_0007,sell_01,2018-01-09 16:59:00,163.91,25.70
ord_05_73156,2,prod_0007,sell_02,2018-01-10 16:59:00,135.33,19.80
ord_05_73156,3,prod_0005,sell_01,2018-01-09 16:59:00,203.28,26.09
ord_05_98452,1,prod_0008,sell_01,2018-01-10 18:34:00,378.55,14.65
ord_05_28320,1,prod_0008,sell_02,2018-01-11 10:58:00,340.87,28.89
ord_05_28320,2,prod_0010,sell_03,2018-01-10 10:58:00,83.77,11.40
ord_05_22978,1,prod_0004,sell_03,2018-01-09 13:46:00,64.16,10.19
ord_05_22978,2,prod_0006,sell_02,2018-01-07 13:46:00,227.94,14.07
ord_05_22015,1,prod_0002,sell_01,2018-01-11 09:51:00,138.47,20.19
ord_05_40539,1,prod_0002,sell_02,2018-01-07 13:43:00,134.08,8.57
ord_05_41186,1,prod_0002,sell_03,2018-01-11 13:31:00,129.28,25.12
ord_06_69245,1,prod_0008,sell_02,2018-01-08 17:53:00,374.20,17.38
ord_06_68138,1,prod_0010,sell_03,2018-01-12 11:31:00,80.67,15.15
ord_06_68138,2,prod_0005,sell_03,2018-01-08 11:31:00,198.05,21.32
ord_06_68138,3,prod_0002,sell_03,2018-01-12 11:31:00,139.07,22.32
ord_06_38183,1,prod_0006,sell_01,2018-01-10 14:47:00,246.24,22.63
ord_06_72163,1,prod_0010,sell_02,2018-01-08 16:22:00,87.20,20.36
ord_06_56346,1,prod_0003,sell_02,2018-01-08 14:19:00,41.15,12.93
ord_06_82910,1,prod_0009,sell_01,2018-01-10 12:51:00,271.48,28.44
ord_06_82910,2,prod_0003,sell_02,2018-01-10 12:51:00,38.09,24.77
ord_06_82910,3,prod_0001,sell_01,2018-01-11 12:51:00,84.17,11.15
ord_06_28595,1,prod_0003,sell_03,2018-01-12 18:03:00,38.86,23.88
ord_06_28595,2,prod_0002,sell_01,2018-01-12 18:03:00,139.86,11.42
ord_07_45665,1,prod_0002,sell_02,2018-01-13 16:32:00,125.88,10.44
ord_07_45665,2,prod_0009,sell_03,2018-01-12 16:32:00,309.92,9.00
ord_07_45665,3,prod_0001,sell_01,2018-01-10 16:32:00,81.05,14.63
ord_07_43491,1,prod_0009,sell_01,2018-01-11 17:29:00,312.12,19.01
ord_07_43491,2,prod_0007,sell_02,2018-01-09 17:29:00,160.75,8.93
ord_07_20205,1,prod_0003,sell_01,2018-01-11 16:07:00,42.30,21.60
ord_07_20205,2,prod_0007,sell_02,2018-01-13 16:07:00,160.23,13.35
ord_07_78676,1,prod_0002,sell_02,2018-01-11 14:47:00,130.70,12.27
ord_07_78676,2,prod_0003,sell_01,2018-01-10 14:47:00,37.80,11.22
ord_07_78676,3,prod_0010,sell_01,2018-01-09 14:47:00,74.35,24.70
ord_07_92306,1,prod_0006,sell_02,2018-01-10 16:39:00,268.11,21.80
ord_07_92306,2,prod_0002,sell_03,2018-01-11 16:39:00,129.09,21.89
ord_07_92306,3,prod_0001,sell_02,2018-01-12 16:39:00,87.24,9.63
ord_07_14929,1,prod_0010,sell_02,2018-01-09 10:32:00,80.77,25.42
ord_07_14929,2,prod_0010,sell_03,2018-01-12 10:32:00,82.33,15.07
ord_07_29773,1,prod_0008,sell_01,2018-01-13 10:26:00,384.26,19.53
ord_08_58870,1,prod_0002,sell_03,2018-01-12 09:53:00,131.41,16.50
ord_08_58870,2,prod_0010,sell_03,2018-01-14 09:53:00,85.87,15.33
ord_08_28537,1,prod_0003,sell_01,2018-01-14 10:26:00,41.26,26.24
ord_08_28537,2,prod_0007,sell_01,2018-01-12 10:26:00,150.15,8.40
ord_08_38074,1,prod_0009,sell_03,2018-01-10 11:20:00,320.00,27.44
ord_08_38074,2,prod_0006,sell_02,2018-01-14 11:20:00,268.71,21.60
ord_08_38074,3,prod_0003,sell_01,2018-01-14 11:20:00,37.20,26.29
ord_08_67366,1,prod_0008,sell_01,2018-01-13 13:03:00,331.29,13.26
ord_08_67366,2,prod_0006,sell_02,2018-01-13 13:03:00,258.81,20.55
ord_08_67366,3,prod_0005,sell_01,2018-01-13 13:03:00,211.02,19.06
ord_08_36174,1,prod_0002,sell_02,2018-01-12 17:12:00,124.32,24.79
ord_08_36174,2,prod_0009,sell_02,2018-01-11 17:12:00,278.75,17.62
ord_08_36174,3,prod_0006,sell_03,2018-01-13 17:12:00,271.41,17.13
ord_08_59015,1,prod_0006,sell_02,2018-01-12 12:49:00,264.46,11.03
ord_08_59015,2,prod_0003,sell_01,2018-01-14 12:49:00,41.97,18.32
ord_08_59015,3,prod_0002,sell_03,2018-01-11 12:49:00,117.40,12.74
ord_08_89807,1,prod_0010,sell_03,2018-01-13 13:03:00,79.21,10.44
ord_08_89807,2,prod_0009,sell_03,2018-01-11 13:03:00,270.90,19.34
ord_08_28818,1,prod_0002,sell_03,2018-01-14 15:01:00,130.51,15.93
ord_08_28818,2,prod_0009,sell_02,2018-01-10 15:01:00,317.08,19.17
ord_08_28818,3,prod_0008,sell_02,2018-01-12 15:01:00,317.96,16.51
ord_08_12128,1,prod_0009,sell_03,2018-01-13 10:46:00,290.22,22.14
ord_08_12128,2,prod_0008,sell_03,2018-01-10 10:46:00,359.12,25.85
ord_08_69988,1,prod_0009,sell_02,2018-01-11 12:24:00,298.30,8.81
ord_08_69988,2,prod_0006,sell_02,2018-01-12 12:24:00,268.00,9.05
ord_08_26315,1,prod_0008,sell_01,2018-01-12 16:30:00,340.62,25.54
ord_08_26315,2,prod_0007,sell_03,2018-01-11 16:30:00,137.28,21.25
ord_08_26315,3,prod_0005,sell_02,2018-01-12 16:30:00,192.75,9.76
ord_09_88986,1,prod_0010,sell_01,2018-01-11 16:34:00,87.86,14.04
ord_09_88986,2,prod_0007,sell_01,2018-01-12 16:34:00,145.80,25.62
ord_09_28714,1,prod_0010,sell_02,2018-01-14 10:08:00,72.43,11.38
ord_09_28714,2,prod_0006,sell_03,2018-01-12 10:08:00,247.10,9.69
ord_09_58096,1,prod_0009,sell_01,2018-01-14 10:56:00,276.97,25.05
ord_09_58096,2,prod_0010,sell_01,2018-01-14 10:56:00,76.47,28.16
ord_09_26074,1,prod_0002,sell_01,2018-01-13 16:35:00,131.20,14.39
ord_09_26074,2,prod_0003,sell_01,2018-01-11 16:35:00,42.24,19.19
ord_09_28202,1,prod_0010,sell_03,2018-01-14 18:27:00,86.04,9.45
ord_09_72739,1,prod_0008,sell_03,2018-01-15 10:15:00,362.50,15.58
ord_09_72739,2,prod_0010,sell_03,2018-01-14 10:15:00,74.82,29.26
ord_09_17263,1,prod_0006,sell_01,2018-01-13 14:11:00,272.27,19.42
ord_09_42847,1,prod_0003,sell_03,2018-01-12 14:10:00,40.63,20.77
ord_09_42847,2,prod_0010,sell_01,2018-01-15 14:10:00,83.43,21.31
ord_09_42847,3,prod_0001,sell_02,2018-01-15 14:10:00,82.37,28.87
ord_09_95344,1,prod_0005,sell_02,2018-01-14 09:31:00,199.22,25.70
ord_09_95344,2,prod_0008,sell_02,2018-01-14 09:31:00,320.02,9.32
ord_09_95344,3,prod_0008,sell_02,2018-01-12 09:31:00,347.41,15.48
ord_09_51853,1,prod_0008,sell_01,2018-01-12 15:19:00,323.48,17.89
ord_09_16632,1,prod_0004,sell_02,2018-01-15 13:14:00,63.05,18.96
ord_09_16632,2,prod_0008,sell_02,2018-01-11 13:14:00,376.43,18.94
ord_09_76249,1,prod_0008,sell_02,2018-01-11 15:01:00,334.91,8.18
ord_09_76249,2,prod_0003,sell_02,2018-01-14 15:01:00,42.95,24.01
ord_09_76249,3,prod_0001,sell_02,2018-01-12 15:01:00,88.11,20.55
ord_09_82512,1,prod_0002,sell_02,2018-01-13 16:41:00,120.25,10.13
ord_09_82512,2,prod_0009,sell_03,2018-01-12 16:41:00,326.23,24.61
ord_09_82512,3,prod_0009,sell_01,2018-01-11 16:41:00,293.99,8.89
ord_10_72094,1,prod_0007,sell_03,2018-01-14 17:47:00,164.61,24.27
ord_10_54089,1,prod_0002,sell_03,2018-01-12 18:36:00,142.37,20.84
ord_10_54089,2,prod_0008,sell_03,2018-01-16 18:36:00,333.49,22.42
ord_10_39824,1,prod_0004,sell_01,2018-01-12 11:54:00,54.29,28.86
ord_10_12482,1,prod_0008,sell_03,2018-01-12 16:02:00,375.99,24.19
ord_10_12482,2,prod_0003,sell_03,2018-01-15 16:02:00,40.05,20.34
ord_10_12482,3,prod_0007,sell_02,2018-01-16 16:02:00,144.32,11.81
ord_10_81601,1,prod_0005,sell_02,2018-01-15 12:16:00,210.74,23.51
ord_10_72888,1,prod_0003,sell_02,2018-01-12 18:47:00,38.23,14.33
ord_10_72888,2,prod_0008,sell_01,2018-01-13 18:47:00,360.81,24.44
ord_10_80592,1,prod_0004,sell_02,2018-01-15 19:00:00,61.55,9.15
ord_10_80592,2,prod_0008,sell_03,2018-01-12 19:00:00,321.95,24.96
ord_10_80592,3,prod_0003,sell_02,2018-01-15 19:00:00,39.16,28.57
ord_10_95267,1,prod_0001,sell_01,2018-01-13 10:00:00,97.33,11.85
ord_10_95267,2,prod_0007,sell_01,2018-01-14 10:00:00,158.53,12.10
ord_10_95267,3,prod_0001,sell_02,2018-01-14 10:00:00,86.28,21.26
ord_10_69552,1,prod_0006,sell_03,2018-01-14 11:17:00,233.03,18.10
ord_10_34405,1,prod_0009,sell_01,2018-01-12 12:17:00,289.58,16.82
ord_10_34405,2,prod_0003,sell_02,2018-01-12 12:17:00,39.72,28.59
ord_10_60275,1,prod_0006,sell_02,2018-01-12 14:09:00,259.53,9.37
ord_10_60275,2,prod_0005,sell_03,2018-01-14 14:09:00,186.30,23.09
ord_10_60275,3,prod_0002,sell_03,2018-01-14 14:09:00,133.50,28.69
ord_11_38721,1,prod_0004,sell_01,2018-01-17 15:22:00,63.04,22.97
ord_11_38721,2,prod_0009,sell_03,2018-01-13 15:22:00,296.71,23.48
ord_11_38721,3,prod_0002,sell_01,2018-01-17 15:22:00,118.51,20.05
ord_11_85065,1,prod_0010,sell_01,2018-01-16 17:52:00,79.72,27.78
ord_11_85065,2,prod_0008,sell_01,2018-01-17 17:52:00,324.14,17.14
ord_11_85065,3,prod_0009,sell_02,2018-01-13 17:52:00,297.64,25.75
ord_11_43352,1,prod_0009,sell_02,2018-01-13 10:14:00,329.54,28.56
ord_11_14159,1,prod_0002,sell_01,2018-01-17 16:10:00,134.65,22.56
ord_11_14159,2,prod_0006,sell_03,2018-01-16 16:10:00,230.84,29.84
ord_11_26691,1,prod_0007,sell_01,2018-01-15 14:05:00,159.59,13.45
ord_11_26691,2,prod_0005,sell_01,2018-01-13 14:05:00,187.45,27.25
ord_11_26691,3,prod_0007,sell_01,2018-01-13 14:05:00,153.35,28.60
ord_11_37011,1,prod_0001,sell_01,2018-01-14 16:37:00,88.14,13.16
ord_11_37011,2,prod_0003,sell_02,2018-01-17 16:37:00,39.93,14.36
ord_11_37011,3,prod_0010,sell_01,2018-01-15 16:37:00,81.46,22.80
ord_11_49552,1,prod_0003,sell_01,2018-01-16 14:07:00,40.91,17.40
ord_11_49552,2,prod_0006,sell_02,2018-01-17 14:07:00,271.97,22.77
ord_11_49552,3,prod_0007,sell_03,2018-01-14 14:07:00,147.15,14.60
ord_11_72065,1,prod_0009,sell_01,2018-01-15 11:27:00,301.70,16.55
ord_11_72065,2,prod_0006,sell_01,2018-01-15 11:27:00,257.23,28.29
ord_11_80206,1,prod_0004,sell_01,2018-01-17 15:26:00,63.55,20.93
